"1","you visit","Implicit"
"1","you visit","Implicit"
"1","you visit","Implicit"
"1","Non-Personally Identifiable Information. When you visit a Website, we may collect certain data that does not tell us specifically who you are. This is Non-Personally Identifiable Information. It includes things like your Internet Protocol (IP) address","Implicit"
"1","Non-Personally Identifiable Information. When you visit a Website, we may collect certain data that does not tell us specifically who you are. This is Non-Personally Identifiable Information. It includes things like your Internet Protocol (IP) address","Implicit"
"1","the last domain you visited before coming to our Website or the domain you go to when you leave","Implicit"
"1","the last domain you visited before coming to our Website or the domain you go to when you leave","Implicit"
"2","place","Implicit"
"2","place","Implicit"
"2","We may place a cookie on your computer. A cookie is a small amount of data, which often includes an anonymous unique identifier, sent to your browser from a websites computers and stored on your computers hard drive. We may use cookies to keep track of your choice of language and home page preference; to understand your exposure to certain Internet advertisements as you use the Websites, and to gather usage data that will help us generally improve the quality of the Websites. There is a simple procedure in most browsers that allows you to deny or accept cookies","Implicit"
"2","We may place a cookie on your computer. A cookie is a small amount of data, which often includes an anonymous unique identifier, sent to your browser from a websites computers and stored on your computers hard drive. We may use cookies to keep track of your choice of language and home page preference; to understand your exposure to certain Internet advertisements as you use the Websites, and to gather usage data that will help us generally improve the quality of the Websites. There is a simple procedure in most browsers that allows you to deny or accept cookies","Implicit"
"2","We may place a cookie on your computer. A cookie is a small amount of data, which often includes an anonymous unique identifier, sent to your browser from a websites computers and stored on your computers hard drive. We may use cookies to keep track of your choice of language and home page preference; to understand your exposure to certain Internet advertisements as you use the Websites, and to gather usage data that will help us generally improve the quality of the Websites. There is a simple procedure in most browsers that allows you to deny or accept cookies","Implicit"
"3","use","Implicit"
"3","We also may use a small piece of code (sometimes referred to as 1x1 clear pixel, Web beacon or clear GIF) placed in the pages of the Websites to help us gather additional information about which parts of the site receive the most visitors and other user traffic patterns, and enable us to administer the site.","Implicit"
"3","We also may use a small piece of code (sometimes referred to as 1x1 clear pixel, Web beacon or clear GIF) placed in the pages of the Websites to help us gather additional information about which parts of the site receive the most visitors and other user traffic patterns, and enable us to administer the site.","Implicit"
"4","below","Explicit"
"4","No Personally Identifiable Information (see below) is collected through our cookies or Web beacons","Implicit"
"5","specifically","Explicit"
"5","specifically","Explicit"
"5","specifically","Explicit"
"5","provide it to us","Explicit"
"5","provide it to us","Explicit"
"5","We only collect Personally Identifiable Information when you specifically provide it to us.","Explicit"
"5","you may provide","Explicit"
"6","use","Implicit"
"6","use","Implicit"
"6","use","Implicit"
"6","We may use Personally Identifiable Information to fulfill your requests, respond to your inquiries and provide other services, and to alert you to information, offers, or publications in which we think you may be interested. The emails that we send contain links that enable you to unsubscribe from such mailings.","Unspecified"
"6","We may use Personally Identifiable Information to fulfill your requests, respond to your inquiries and provide other services, and to alert you to information, offers, or publications in which we think you may be interested. The emails that we send contain links that enable you to unsubscribe from such mailings.","Unspecified"
