"2","Google, as a third party advertisement vendor","Named third party"
"2","Google Adsense","Named third party"
"4","Other Third Party ad servers or ad networks","Named third party"
"4","Other Third Party ad servers or ad networks","Named third party"
"4","Other Third Party ad servers or ad networks","Unnamed third party"
"4","Other Third Party ad servers or ad networks","Unnamed third party"
"2","Google, as a third party advertisement vendor,","Named third party"
"2","Google, as a third party advertisement vendor,","Named third party"
"2","Google, as a third party advertisement vendor,","Named third party"
"2","Google, as a third party advertisement vendor,","Named third party"
"4","Other Third Party ad servers or ad networks","Named third party"
"4","Other Third Party ad servers or ad networks","Named third party"
"4","Other Third Party ad servers or ad networks","Named third party"
"4","Other Third Party ad servers or ad networks","Named third party"
"4","Other Third Party ad servers or ad networks","Named third party"
"4","Other Third Party ad servers or ad networks","Named third party"
