"6","that you would like to share","Receive/Shared with"
"7","we will never share your Usage Data, Personal Information, Non-Personal Information, or Shared Information (which we will refer to in this Privacy Policy collectively as ""User Information"") with any third party without your permission.","Unspecified"
"8","we may share","Receive/Shared with"
"8","we may share","Receive/Shared with"
"8","t share a","Receive/Shared with"
"9","we may share","Receive/Shared with"
"9","We will not share","Receive/Shared with"
"10","we disclose","Unspecified"
"11","to share","Receive/Shared with"
"11","to share","Receive/Shared with"
"11","to share","Receive/Shared with"
"11","to share","Receive/Shared with"
"12","us to share","Receive/Shared with"
"12","to make","Unspecified"
"12","to make","Unspecified"
"12","that will be available","Other"
"12","may access, use, and disclose","Other"
"18","These companies may collect","Collect on first party website/app"
"18","and other Web sites","Other"
"18","to collect","Track on first party website/app"
"18","collect any","Track on first party website/app"
"18","collect any","Track on first party website/app"
"19","provide","Receive/Shared with"
"21","publish your location to third parties","Receive/Shared with"
"21","We may use third party providers to help provide services through mobile systems and such providers may use the","Receive/Shared with"
"7","share","Receive/Shared with"
"8","we may share","Receive/Shared with"
"9","we may share","Receive/Shared with"
"10","we may enter into relationships","Receive/Shared with"
"11","expressly authorize us, to share","Receive/Shared with"
"11","expressly authorize us, to share","Receive/Shared with"
"11","expressly authorize us, to share","Receive/Shared with"
"12","us to share","Receive/Shared with"
"16","either provided by us or by our","Receive/Shared with"
"18","during your visits to the Services and other Web sites","Track on first party website/app"
"19","provide this","Receive/Shared with"
"8","share","Receive/Shared with"
"8","share","Receive/Shared with"
"9","share","Receive/Shared with"
"10","disclose","Receive/Shared with"
"11","share","Receive/Shared with"
"11","share","Receive/Shared with"
"11","share","Receive/Shared with"
"11","share","Receive/Shared with"
"12","share such information publicly","See"
"12","anyone may access,","See"
"12","use, and disclose","Other"
"17","placing cookies on the Services that will track","Track on first party website/app"
"18","use a cookie, a third party web beacon and/or pixel tags","Track on first party website/app"
"18","use a cookie, a third party web beacon and/or pixel tags","Track on first party website/app"
"19","provide","Receive/Shared with"
"19","may determine based on their own analysis that a user who interacts with an advertisement targeted by us may fit into a certain demographic category","Other"
"20","companies we work with and what options they may offer you","Unspecified"
"21","mobile systems","Unspecified"
